student_id,actual_grades,predicted_grades,actual_grade_class,predicted_grade_class
2216,57.286971450516944,46.00701044756254,D+,F
2583,76.02,71.44927172735929,B+,B
1663,42.68,50.49811517627364,F,D
3028,17.31,17.632319813286685,F,F
4344,100.0,94.38829334129956,A,A
2681,45.69,52.84012868982607,F,D
1766,40.86,43.874985411946334,F,F
1124,83.99,85.62220560620882,A,A
4055,92.69,94.4709023885815,A,A
3762,100.0,99.70448528054273,A,A
1536,54.65,49.97331150408425,D,F
2945,17.31,20.33422345139412,F,F
2988,67.25,68.58134965830948,C+,C+
4292,47.45914603068748,37.04627947512133,F,F
4343,48.22,47.38358817758559,F,F
4425,100.0,95.84676720771584,A,A
7942,48.84,55.94693645288705,F,D+
4998,35.96,50.917074247235476,F,D
2749,32.32,36.38243588580149,F,F
2303,75.21,74.66136821674664,B+,B
3933,71.16,75.81893038197784,B,B+
5957,57.81,69.30287801353303,D+,C+
6132,100.0,86.60910793820565,A,A
7597,96.39,90.89124437952785,A,A
795,56.12,55.15586051289926,D+,D+
3164,40.9,42.15222323821788,F,F
7941,79.82,87.63599498522697,B+,A
3182,84.95,87.96938061778457,A,A
764,61.97,55.107880167135484,C,D+
3079,83.91,87.60114600550585,A,A
812,84.67,92.73120339946713,A,A
7260,34.62,44.040366239173046,F,F
6932,77.59284015163188,60.87302774387636,B+,C
1619,57.74,59.0020811422548,D+,D+
6827,39.193113266029,31.962352932018554,F,F
1043,75.84,83.37651202485532,B+,A
5319,22.01,31.563176358730708,F,F
4795,48.25,48.18331361429822,F,F
488,94.8,81.46144216884007,A,A
1018,88.4,93.52703495048517,A,A
2816,83.77,85.84792633512279,A,A
2717,71.82,68.01512446238559,B,C+
5364,43.14881980042756,42.1045062316308,F,F
2930,42.77,35.88507159024693,F,F
3363,63.25143196437893,69.65074228898766,C,C+
5166,65.56,69.00429989913046,C+,C+
1076,74.12860887135716,72.7890861709815,B,B
6399,100.0,99.47047841273,A,A
4982,31.68,37.52423218798527,F,F
6229,62.38,64.1124594544318,C,C
2922,55.47,54.30603338689162,D+,D
4020,68.14,70.22466726958007,C+,B
4332,93.47,89.9345906715875,A,A
7000,15.84,24.34275640168162,F,F
1323,61.07438669394042,58.776353826249306,C,D+
7732,22.17,28.640282197415864,F,F
2253,63.46612121533737,76.37648222858797,C,B+
6655,55.98,51.87774854336184,D+,D
7245,62.97,69.7147310989902,C,C+
867,100.0,98.47904493416821,A,A
5592,14.77,18.901169830462795,F,F
2466,62.62,61.3096233454574,C,C
466,55.92,56.48145491479815,D+,D+
2883,29.5,37.982491491865005,F,F
4962,54.1,57.61343504599879,D,D+
7043,63.916214223833,63.140222396561995,C,C
6241,31.11,30.915237251699992,F,F
5448,70.49,65.96800407660086,B,C+
1503,78.56,74.18527233099623,B+,B
3916,35.93,26.391850435721526,F,F
3263,60.3,60.84704327968625,C,C
264,69.82,62.03090360077658,C+,C
3807,74.97,79.5719495926209,B,B+
4085,94.84,98.88773621500364,A,A
7840,70.58,66.22050505545639,B,C+
1812,84.82341203973043,82.00083000448575,A,A
1145,70.07,65.82621726833823,B,C+
5828,42.7,40.27988311687672,F,F
2150,70.6,70.83447792654982,B,B
3930,57.18,61.55793499687873,D+,C
6320,72.4343111181051,84.05411767401715,B,A
3291,40.11691373894256,35.477261791625644,F,F
683,60.07,60.38640096594639,C,C
2841,72.96,63.9883182168732,B,C
1003,49.84,42.09549149145595,F,F
6756,95.85,92.64753918252269,A,A
5130,28.32,33.24222272228178,F,F
4291,66.33,63.99580323462355,C+,C
2174,50.43,59.78900111985981,D,D+
484,91.48,86.91035441983415,A,A
3814,60.91,60.79510761022422,C,C
4415,85.92092926496484,74.38584758487043,A,B
519,64.68,59.94563648887336,C,D+
6989,72.11,75.74034397730657,B,B+
1346,46.64,55.56172990868795,F,D+
697,44.96475423600024,33.98047008728298,F,F
1010,49.92,55.37088665572407,F,D+
6318,42.49,44.94714650948412,F,F
6596,85.77,85.09524483182577,A,A
2771,73.53,66.92920376866546,B,C+
1075,67.02117237709824,52.173966193236204,C+,D
1340,90.27,83.84913351509311,A,A
2987,78.37,79.61520566372417,B+,B+
7710,59.43,68.87437480880446,D+,C+
6748,71.36,77.19758250614446,B,B+
4422,24.1,25.656700094098525,F,F
3393,93.60329764135054,88.98817772851176,A,A
1484,97.85,94.7540393888338,A,A
4862,88.73077871780677,89.82134770089762,A,A
1935,32.39,39.60659526537221,F,F
1035,89.11573720651262,87.6361956514103,A,A
5485,37.51,48.42520523827879,F,F
2479,83.85,92.4887839996615,A,A
350,27.61,29.36288240593785,F,F
4394,96.2,84.84935931863245,A,A
4353,74.58232379788947,62.21959996077404,B,C
7558,64.21,60.3198057894106,C,C
1062,34.8,30.301008567402455,F,F
880,73.86,69.53354555918004,B,C+
5603,95.74,90.23153362693962,A,A
2543,99.13,97.85145241405152,A,A
6424,69.29297260492706,56.42602289455044,C+,D+
6745,59.94,63.888547032357444,D+,C
1851,56.92,59.78570026379842,D+,D+
5403,52.54,49.48926266302568,D,F
1678,29.72,28.550137642950858,F,F
1836,76.34027309102665,76.3712119024919,B+,B+
7112,40.27,36.512825287324546,F,F
4953,78.74556737573,78.07478664538944,B+,B+
4705,32.07,39.69199031340588,F,F
5200,91.08,94.97391128575197,A,A
458,54.36,49.74655167296513,D,F
4648,62.25,73.71037555501358,C,B
6508,70.15,71.41634878670882,B,B
3183,51.78,51.452146581862145,D,D
5338,65.62476641383658,62.66182701523799,C+,C
1946,27.84336164038511,22.109060201901407,F,F
6125,49.76,47.18771661708524,F,F
3264,19.05,35.93309399742404,F,F
6523,72.74,68.11494783882789,B,C+
6522,76.21,83.32522644246585,B+,A
6703,56.39,61.2292579268917,D+,C
2989,75.72,77.5879946627981,B+,B+
7021,100.0,98.10899093659911,A,A
1551,41.43,42.23009459205286,F,F
2165,60.77,73.46726963023391,C,B
587,72.35,84.42970768657007,B,A
2406,70.59,63.55539306070669,B,C
6801,78.97059626672973,69.9389862426671,B+,C+
3429,80.03428674659627,80.14608433953826,A,A
2610,69.09,66.40057466587287,C+,C+
3657,50.4,57.67872611812582,D,D+
3215,55.96,56.04626184877972,D+,D+
3535,100.0,99.67236633393169,A,A
3287,38.83,47.84304245703963,F,F
2081,51.71,54.761080539393205,D,D
6956,43.67,39.439468630373476,F,F
6488,40.65,43.6302766843942,F,F
648,55.41,60.89027462145188,D+,C
223,100.0,97.36219032009188,A,A
6890,73.09,81.46530309311372,B,A
7679,32.07,30.537340622821883,F,F
24,92.02,89.15647908337615,A,A
1906,71.9,74.9119757754026,B,B
4079,36.88,47.88525840781226,F,F
1555,60.39,61.847964038080164,C,C
5724,45.62,50.991973968253276,F,D
5205,74.07932259319644,69.59030618471168,B,C+
7701,60.71,63.41100238647028,C,C
5841,54.11,48.81584824834001,D,F
4946,100.0,96.940600590525,A,A
1408,100.0,99.48858402642182,A,A
66,60.14,65.4524820484262,C,C+
6341,69.56,71.6542090539782,C+,B
1045,75.09,81.78719475047998,B+,A
6689,68.88,75.2635072127795,C+,B+
7925,50.89,57.402065260613284,D,D+
4744,99.49641369548678,93.86890945882122,A,A
2032,94.50081149330975,87.61447932038084,A,A
5825,85.80535502791653,72.775798020622,A,B
5245,57.13,57.58685050741553,D+,D+
5037,59.04,57.49224193175277,D+,D+
555,64.79,64.8075450282953,C,C
7312,87.73,87.48180557839235,A,A
4395,53.9,49.30670493433013,D,F
5395,34.49,38.73673651309615,F,F
3536,80.12,85.61564399200793,A,A
1700,59.74,69.23146873232385,D+,C+
6727,96.77,92.72343930362742,A,A
1056,59.14525840213293,70.77213564381398,D+,B
1407,77.12801939720653,89.67804558834008,B+,A
3768,79.12,81.51865306470368,B+,A
602,50.74,58.077694357722876,D,D+
1384,96.55,93.413775788882,A,A
3333,93.10530198866468,89.79700566534703,A,A
2119,74.77,70.1771475864631,B,B
4320,97.78,92.67005304164654,A,A
1913,41.05,39.39434999348494,F,F
3685,59.56,56.41284718807134,D+,D+
7583,80.22477488485194,78.9647708513176,A,B+
4814,53.32,52.47471742443808,D,D
1741,53.69,58.09452172365115,D,D+
5040,65.96,70.93209418232755,C+,B
928,84.75,86.82113843356163,A,A
5139,46.13,34.73211888653748,F,F
3579,65.18,62.97662876176057,C+,C
4443,56.44658809894175,56.57007172873452,D+,D+
7473,87.97,84.87666915327131,A,A
7129,68.13086689364418,78.14550651886826,C+,B+
240,79.51,78.34012714293681,B+,B+
2967,97.30683781817638,95.8635382143177,A,A
3543,80.25833790116695,73.01375338600894,A,B
6207,28.57,25.41961770223237,F,F
3211,42.46,50.96084791588535,F,D
102,60.64,60.66477898543644,C,C
319,77.56,84.22421028695457,B+,A
4582,59.06,63.32865738898639,D+,C
3188,44.61,53.56747559425861,F,D
534,55.61577247306304,53.479428682243714,D+,D
738,63.97,62.45665956159214,C,C
1245,100.0,98.14437543759516,A,A
1143,95.48,92.13984284893749,A,A
4348,90.73,96.31001582318464,A,A
7288,82.77,90.55677243437665,A,A
6527,16.77,24.760283288380194,F,F
1329,47.15,52.82661015249875,F,D
7098,74.38,67.49804186916982,B,C+
6614,85.46,87.76143517650209,A,A
1929,100.0,96.90936433071535,A,A
5005,69.57,62.11977818116833,C+,C
497,82.2905747090448,76.24852538524165,A,B+
7545,79.21,83.51457686847007,B+,A
2772,36.53,35.404071013985494,F,F
473,97.48,98.60860359314245,A,A
5051,62.26,56.709271934512934,C,D+
4077,87.98642754838725,82.86049262040022,A,A
3917,100.0,99.98529800030138,A,A
545,52.13,52.369837771766264,D,D
4177,75.8719012047443,68.33212948444479,B+,C+
1243,48.9,44.01111379354006,F,F
7331,53.99,45.97096947767673,D,F
5539,75.7,69.05575333430338,B+,C+
335,75.08,69.70503911498295,B+,C+
7133,91.04442135840722,90.73645274030046,A,A
1316,75.13,82.51151339907663,B+,A
1920,86.53,85.03740178539933,A,A
2185,65.875028082106,63.94908489987543,C+,C
3862,92.21948512373164,75.65782867016648,A,B+
7410,81.38,84.90661718272597,A,A
4646,46.9,45.93355062472937,F,F
133,88.17,80.88444985022112,A,A
3961,68.72,75.81783192076593,C+,B+
6352,50.52,36.51214755217385,D,F
2246,88.91,85.69096080911463,A,A
541,48.92,53.619397858042724,F,D
6147,48.54,45.832867096788576,F,F
2030,46.54,42.02383141835659,F,F
38,83.48,85.63727667073523,A,A
7637,92.06,84.8385704657675,A,A
7574,71.56208026615123,68.25360835739959,B,C+
2019,59.58,56.089802297851435,D+,D+
2112,68.4,76.97651787288596,C+,B+
2403,36.43,31.954229501389865,F,F
749,57.24,62.37387174277767,D+,C
7568,46.53,46.22331924780511,F,F
2457,57.58,56.36524010023725,D+,D+
7513,80.72090616811691,79.57755478520728,A,B+
2345,57.63146764567644,65.8084271034652,D+,C+
96,89.86994366733958,82.76265225921665,A,A
6252,92.73,89.91763043673903,A,A
7865,32.01,40.6927491312743,F,F
5224,61.26,69.30686201925145,C,C+
2115,60.56847967325452,60.55944119192498,C,C
2587,67.9,70.44706402011134,C+,B
5199,49.88,54.55371752163489,F,D
3440,51.28,54.99454128496166,D,D
3555,65.83,80.39956233378439,C+,A
454,84.62,89.45032252005915,A,A
6585,100.0,95.59341096444598,A,A
2813,73.88,77.33061258075419,B,B+
2837,34.02,38.64280945001726,F,F
252,100.0,99.80407819991622,A,A
6636,55.83,57.79037928179211,D+,D+
1023,61.01,59.143869449906475,C,D+
7648,47.17,44.29132632033978,F,F
1011,82.08,86.24911708423359,A,A
4650,26.67,35.0481359724495,F,F
6002,72.91,77.33235155452905,B,B+
1673,63.12,59.18558852938868,C,D+
626,84.85605763016744,81.65846306100163,A,A
7794,78.75242822015647,78.46686789975713,B+,B+
2111,30.2,23.551631001177917,F,F
1466,77.87417087604358,77.80622144463729,B+,B+
7530,32.88,30.588440161035287,F,F
4735,70.46,66.74363162113184,B,C+
4267,92.95,93.81768436411086,A,A
3092,42.68,43.20023526072325,F,F
6973,79.02,88.58937235490087,B+,A
1889,45.5,29.139551825316044,F,F
1609,71.25,67.71966419001816,B,C+
1745,97.52475354238749,94.86767839193062,A,A
158,92.51,95.9660420577428,A,A
2440,51.13,57.62653057523613,D,D+
2200,30.08,32.12757707567789,F,F
3095,55.93,70.21885113373925,D+,B
6214,71.58,66.91692887420442,B,C+
504,84.51,91.10413066784055,A,A
6187,78.09,80.26620646844353,B+,A
316,84.89,83.9285552673732,A,A
711,73.05305241888387,76.31569181725837,B,B+
3969,100.0,93.74417267255447,A,A
4175,35.63,35.05142867677865,F,F
3718,52.27,50.0200076218301,D,D
7083,78.25,79.47986590746181,B+,B+
857,76.93,85.27078699617401,B+,A
3323,72.09936997169508,81.9458892314127,B,A
5003,43.57,57.996431922631594,F,D+
2657,75.84,75.27598348669302,B+,B+
320,39.66026183552589,38.207526310918524,F,F
430,76.66,76.88051447214852,B+,B+
1019,39.57,38.97208196791474,F,F
1427,65.23911967044475,49.194790142275885,C+,F
7943,63.85,53.67699970534291,C,D
3704,68.17,53.55525127365976,C+,D
6544,69.25,71.67675193263595,C+,B
2108,81.16,81.33205800127541,A,A
7146,74.01,60.91015690839523,B,C
6606,41.84,48.061365928300674,F,F
7531,94.12,96.12382901282385,A,A
7979,59.50492101732094,52.66728340624315,D+,D
7945,40.59,39.47934176836627,F,F
1194,68.74660069135095,53.326011494530924,C+,D
6358,41.62,51.66710302957463,F,D
4114,59.22,58.9814630210235,D+,D+
5741,75.56,75.94399191297006,B+,B+
1841,61.08,51.78643451685068,C,D
2535,100.0,99.66438001986269,A,A
1863,100.0,99.60013004534325,A,A
5837,59.51,65.09881109259295,D+,C+
7774,54.46,59.29689015731957,D,D+
6700,63.48,63.932224263558695,C,C
3046,52.09,57.56600949591198,D,D+
2629,39.35,51.09845131033942,F,D
4229,41.72,40.633835117036455,F,F
6061,81.16,86.20876745147574,A,A
4230,41.03,46.06818898415157,F,F
1282,71.52765816975264,69.95787153706007,B,C+
7741,96.36,97.61193954929293,A,A
7289,98.14,95.24888432391137,A,A
5503,47.39,56.42622759934484,F,D+
4221,77.92,78.64259730306036,B+,B+
4546,24.13,23.657248023122015,F,F
7699,83.68,85.7457032573713,A,A
744,88.36,94.98340482034097,A,A
5529,87.02,85.32658820929868,A,A
2234,62.3117063816112,57.07274936536959,C,D+
4505,36.86,42.33169080356921,F,F
6247,81.68,87.3366411398802,A,A
6097,62.26,61.14671460976222,C,C
7771,68.04,74.74159697917408,C+,B
5278,65.43392476463347,57.38377743189103,C+,D+
3616,85.83,88.27722523239386,A,A
4790,82.0,87.1076131377225,A,A
7497,57.14,57.27231438065529,D+,D+
2698,83.49,96.24759746626783,A,A
1702,66.03,73.83449709274142,C+,B
997,54.29,57.2811201739284,D,D+
4039,82.91,81.87675112826919,A,A
4658,55.68,55.311866294351596,D+,D+
7907,63.44,65.0239744203619,C,C+
4718,23.13,29.5188368187817,F,F
4716,56.46,65.74182517253672,D+,C+
3483,27.39,32.16359889435472,F,F
6370,68.54,70.02223539081932,C+,B
5894,67.87,69.36479725438353,C+,C+
5147,56.48,61.50224418898227,D+,C
1085,64.56,76.74758393164798,C,B+
2267,69.49394362779913,71.37430056879477,C+,B
1923,97.86,94.48618290877752,A,A
7224,22.19,29.608646457522912,F,F
1047,99.01,98.91826324023818,A,A
1347,60.66,60.93418858531399,C,C
5923,79.31,82.38931344293964,B+,A
1177,77.21,76.42221073327616,B+,B+
6283,33.95,27.32417878069332,F,F
7037,67.14379814119357,57.368619564899376,C+,D+
6084,53.5,59.0073012414614,D,D+
5915,97.2093253150383,85.6463043204498,A,A
4839,59.53,56.32135265573701,D+,D+
1422,100.0,96.63779939913134,A,A
6076,96.16,92.48350903986598,A,A
4150,21.43,21.81968364088371,F,F
5776,65.59,71.29034925078543,C+,B
909,53.18,47.93923912480168,D,F
2914,19.89,22.00571380938819,F,F
6852,82.70191863123239,75.92641123107252,A,B+
1973,54.17,58.16306781133192,D,D+
6528,97.54,92.41085694799511,A,A
7919,70.87,64.27596719863388,B,C
3734,39.27,34.445001550435315,F,F
394,37.3,40.41328570244994,F,F
684,100.0,97.74503103501746,A,A
231,92.52,95.74190123843772,A,A
7948,87.3,91.44991353604445,A,A
1431,13.62,25.782443077429186,F,F
677,68.13040692113319,64.7000438741877,C+,C
6464,80.06,79.75177419892857,A,B+
2139,90.42,92.4201171014599,A,A
6927,37.74,38.44805169414366,F,F
34,40.92761123181735,38.760332710916856,F,F
2808,42.09,42.65026392088596,F,F
958,88.66,89.47761029820653,A,A
7872,65.99,58.14947833410842,C+,D+
6343,84.69406212344583,82.2978213510594,A,A
1633,88.07,86.12063087424605,A,A
7418,29.14,30.707782104347345,F,F
4263,30.88,31.299920635555036,F,F
2224,22.74,28.519231647577776,F,F
3379,53.59991660669596,45.26819259720248,D,F
7160,65.21,72.99391512040725,C+,B
62,88.95,90.53091078452059,A,A
4571,64.03,57.52006810158935,C,D+
1808,37.34,37.075676158958714,F,F
1278,86.98,91.81598039199805,A,A
7535,25.7,25.210014166990604,F,F
3516,93.95,97.39832787318653,A,A
333,80.11,83.9040621347191,A,A
6073,47.64,49.82470557833933,F,F
2376,55.9,63.61657245157901,D+,C
7172,59.76,64.85060405847601,D+,C
1262,83.31,84.04029554676308,A,A
5608,55.97127594199817,41.928899351862185,D+,F
5304,64.81,76.00931064370562,C,B+
5628,100.0,97.77762536737971,A,A
737,100.0,97.13882427858464,A,A
6416,48.8,51.2087689061911,F,D
6089,77.42,78.87806975992795,B+,B+
2898,58.82,54.54544728705346,D+,D
3245,58.17,63.69650010430305,D+,C
5365,57.68,54.98349937393404,D+,D
3289,49.15,37.52291361740241,F,F
6460,100.0,99.85583916120305,A,A
7285,73.30991337202032,73.88200704718766,B,B
6450,69.66,66.96241556512899,C+,C+
3300,22.04,21.278232155337847,F,F
2474,95.33,98.99147018565309,A,A
2307,70.94880727216021,62.24399992692917,B,C
1375,11.54,22.51685560389879,F,F
6172,24.12,21.32717866072285,F,F
7742,40.29,43.14304890500727,F,F
7894,60.68,58.82677413231159,C,D+
2599,96.29,80.28324633374022,A,A
3430,63.08043137291654,59.924973627055685,C,D+
2604,93.43,94.073581271312,A,A
3878,100.0,96.4645270026485,A,A
7864,57.12280855815932,56.87613418182945,D+,D+
6576,77.61448622135464,75.61466565338965,B+,B+
7118,44.29,51.789776283860995,F,D
1079,69.0,63.45921490277189,C+,C
3521,63.21,66.07726959062853,C,C+
1164,95.32,91.07624563789365,A,A
6578,76.91,78.1027721927914,B+,B+
3833,52.07,62.50482054397613,D,C
5442,44.65,47.358792870742946,F,F
80,72.47994815879551,56.92956661390204,B,D+
2586,46.68,50.63430689819961,F,D
6907,43.93,41.93077331196851,F,F
6817,77.7,72.79911815541742,B+,B
4510,83.95,79.60893927192402,A,B+
7166,60.716003368149046,74.94079621608857,C,B
5926,72.31,75.6789034304238,B,B+
4596,77.66,73.84401283245138,B+,B
1791,48.675062655223,42.19075297834688,F,F
1787,31.94,38.03528681597877,F,F
1570,100.0,93.89067243600526,A,A
1738,46.98,57.29650373426931,F,D+
2252,100.0,98.97250735787689,A,A
4889,85.65129954795526,87.56232428599623,A,A
1026,47.74,57.88287014234631,F,D+
1955,58.11,63.4538205902329,D+,C
3613,100.0,99.46984135653221,A,A
1563,53.33,49.36609513569144,D,F
5778,42.26,44.274619139753526,F,F
6290,51.8,52.84696627584295,D,D
7467,77.4,81.3940788358579,B+,A
1331,73.88,65.31871445571454,B,C+
6763,69.67,62.69235077537961,C+,C
7879,67.88,62.196111499457714,C+,C
5723,100.0,98.7377881596293,A,A
2021,59.9,56.036487521476744,D+,D+
150,37.92,37.1675095257469,F,F
5328,79.36,84.50905428551192,B+,A
5156,67.54,65.34796231597899,C+,C+
7786,58.76,60.76247099212044,D+,C
1733,42.98,38.89451257607091,F,F
971,71.18,66.87394293676658,B,C+
2339,66.43708853857973,68.31477689832974,C+,C+
1264,84.58,90.98567591000672,A,A
170,38.31,39.365944769763175,F,F
4551,76.95,72.86605660295506,B+,B
1516,59.05444219165794,37.21069544102513,D+,F
2860,66.74304018708538,74.7393787748482,C+,B
1480,56.195058153358666,45.78959321162379,D+,F
1616,100.0,99.37799015958332,A,A
2575,82.99,88.93448148074778,A,A
5803,75.42549844527976,71.40595055124584,B+,B
4906,67.29181607743422,68.28605693057708,C+,C+
2580,70.14,80.43337357964121,B,A
4249,71.22721644654703,84.60799871588934,B,A
3439,62.53034844502769,60.107326054683405,C,C
234,26.08,25.924438527821813,F,F
354,43.46,45.598339985516944,F,F
2230,86.88515019935502,85.37101215120384,A,A
4634,51.88,51.045059113067694,D,D
4514,79.33,74.97278734885184,B+,B
2878,63.88,71.06351931032296,C,B
5811,72.82,77.78560939969816,B,B+
2848,58.15265903542986,58.661865507698025,D+,D+
3275,57.01,61.369425790940404,D+,C
3827,80.62,81.06585685512165,A,A
4921,37.41,42.65936757647367,F,F
1222,67.38,58.144137659166034,C+,D+
4690,82.48,90.71633155648915,A,A
510,78.05368000881292,70.704420642696,B+,B
998,93.78,92.61190984587641,A,A
5565,55.44397330438685,62.89604545940967,D+,C
4512,21.8,30.07214850740896,F,F
7101,86.33,80.71351478011792,A,A
6926,79.21673264135691,65.1613094321096,B+,C+
4687,82.93732463867757,76.45754628536636,A,B+
6791,55.71096316223149,65.54098462041601,D+,C+
7252,52.39,45.52616416595305,D,F
5307,28.59,29.584667840948264,F,F
539,100.0,99.8772303656161,A,A
7875,47.74,58.60962646806122,F,D+
3871,65.4,60.93681809904947,C+,C
5455,69.46892175533475,69.23549801394283,C+,C+
3947,79.81,80.84433143751671,B+,A
7374,71.12,75.86852809533245,B,B+
1840,100.0,99.8371359796176,A,A
1704,99.2,95.99406135070105,A,A
6873,55.22,59.6890899679249,D+,D+
4739,74.81,73.06257891835145,B,B
6675,57.43,64.51965495446852,D+,C
7951,60.73,63.09296337478134,C,C
2654,66.56,69.4296526918518,C+,C+
4951,58.8,64.79883770549748,D+,C
3423,59.52,53.99950570924826,D+,D
2971,31.89,42.48700247458071,F,F
4185,86.21,88.10805677278002,A,A
6305,73.62,75.36292564416416,B,B+
2023,7.35,17.06322455040708,F,F
7609,62.57,71.12756343805786,C,B
5770,76.6052965311391,70.58021863911121,B+,B
1006,83.32,82.8494362572851,A,A
6077,76.01,73.94852742848516,B+,B
1321,43.52,32.76218151174542,F,F
5762,40.53,46.70112432023825,F,F
5892,66.25,75.51096874167948,C+,B+
2756,92.18,89.66376343675138,A,A
7459,93.33,95.03753142481395,A,A
409,100.0,86.0272985430261,A,A
1198,69.24,78.57333240351133,C+,B+
7871,21.09,22.395281282058747,F,F
7711,59.18,53.70450653635449,D+,D
7881,100.0,99.62826959580363,A,A
1324,26.98,34.78881124618558,F,F
1057,87.67,89.28692804123318,A,A
4670,60.18,57.868215882123984,C,D+
3800,79.22,81.93076252899857,B+,A
3013,57.69,57.235519693590525,D+,D+
1671,87.32,87.22984016310126,A,A
941,73.33,67.26641054365459,B,C+
3306,83.53725521458709,70.51332094528419,A,B
7174,38.54,34.576786785686664,F,F
5492,46.41533148777375,44.490224124506675,F,F
2777,26.11,28.096046151957715,F,F
577,43.3,53.02210213021518,F,D
3419,69.37,59.59743144006957,C+,D+
1742,56.96,52.398490232583455,D+,D
1670,79.57,83.64519197525124,B+,A
5357,87.22,90.35269905928324,A,A
2923,52.74,45.79054847736364,D,F
5047,65.59,70.41635867110615,C+,B
178,27.24,29.539310802690075,F,F
7221,62.01,63.45033672113258,C,C
1818,52.58,41.07930592745654,D,F
6621,51.59,57.88344872182639,D,D+
1729,22.43,26.928594965978526,F,F
5924,100.0,97.49964440853968,A,A
5547,54.76,60.99417383392117,D,C
3935,60.69,57.998205446127386,C,D+
329,81.31590848817952,72.66026274041133,A,B
2555,56.06115485945377,42.88814727794424,D+,F
2125,90.08143238157515,84.87534851394241,A,A
5783,87.3,88.1258580773366,A,A
6386,29.16,32.90564632127356,F,F
7342,81.27046265317097,79.6028038274171,A,B+
2893,34.82,45.453621274043314,F,F
6063,21.31,30.84483334670424,F,F
4418,42.3,47.98751289856558,F,F
3258,77.2746708938854,82.65634757995284,B+,A
5665,82.98,85.13164981424102,A,A
4002,86.76,89.21316912576408,A,A
7163,24.41,24.632686301355598,F,F
1298,35.36,35.60289073436651,F,F
4533,33.72,39.134584464377916,F,F
4519,56.37,56.81711185871488,D+,D+
5191,38.91,39.521629288499554,F,F
6660,8.98,14.018822401367482,F,F
7790,62.54,57.57565429032184,C,D+
7642,71.97988233706849,49.73099487498437,B,F
182,88.5609535265387,84.67340337437359,A,A
4297,38.6,46.233883853684965,F,F
4536,44.04,30.224006819793775,F,F
7443,16.03,22.53592175631534,F,F
1296,100.0,99.9666620268234,A,A
4961,100.0,93.52044937340231,A,A
5827,89.8,88.25874123522115,A,A
743,70.4,68.11553756486435,B,C+
2209,68.53544948852071,52.559486433645986,C+,D
6790,98.36,98.22168401494815,A,A
1184,78.57,83.55000195023798,B+,A
7988,42.33,36.768447183525524,F,F
3397,71.8,79.76433660889835,B,B+
3124,85.20607497088425,84.72634782450679,A,A
42,79.96,75.48327690495942,B+,B+
6426,76.99,78.97309931004433,B+,B+
4367,81.46,90.57829147779339,A,A
3911,36.9,40.962955497833924,F,F
6858,39.46,47.30672755040527,F,F
218,61.59,61.15410886601249,C,C
186,58.84461279165568,55.49778562841554,D+,D+
3140,100.0,97.60769734065487,A,A
5465,30.22,38.09838997404619,F,F
3568,40.57,40.313683964650544,F,F
6986,50.76,49.89172321546847,D,F
4439,56.22,71.46685839495731,D+,B
713,61.53,60.65927425204576,C,C
1415,56.65,59.08859096651849,D+,D+
2803,98.57,96.90856828307426,A,A
88,51.42,58.249491822747366,D,D+
5881,48.38220621802011,42.83201225742387,F,F
6563,70.87,65.0797067026027,B,C+
7018,61.79443208491004,59.86767917820146,C,D+
6607,64.32,71.85247472906485,C,B
1028,88.55,90.27268319491809,A,A
2551,73.31661823610779,75.16340262722794,B,B+
2113,57.73,47.12406530022217,D+,F
258,75.45,77.2848836792958,B+,B+
7793,100.0,99.9220006752156,A,A
3247,79.8,77.42743314981402,B+,B+
7687,66.06,55.83449789056106,C+,D+
4672,97.93,91.73799605264767,A,A
3783,72.38248427722482,60.06967880508886,B,C
707,92.4,93.6184590608898,A,A
2454,73.75521000341844,61.023873416713066,B,C
1657,54.95,58.147846878389934,D,D+
4846,36.52,35.70971685847375,F,F
5868,100.0,99.57032209092344,A,A
3476,85.37809269072731,79.29657705240476,A,B+
544,84.84,94.86897460068707,A,A
2352,73.07,81.54769969409017,B,A
2796,94.6,91.1230003554627,A,A
4696,65.91,62.838282457108235,C+,C
5445,88.57,86.34005705865066,A,A
7040,34.66,39.02845100422568,F,F
2288,78.72143827795067,77.72868726029445,B+,B+
1054,41.38,25.69381105680871,F,F
5563,87.98076962195906,85.59277029747024,A,A
6054,76.43,70.70179899402379,B+,B
382,60.58,64.6501893940398,C,C
57,57.56,49.475065694376745,D+,F
70,74.6,80.7193435145819,B,A
3208,100.0,97.1565636622115,A,A
2752,64.65,64.73249827769341,C,C
1430,75.04,78.98725650025867,B+,B+
1546,79.14,83.98725057088113,B+,A
1128,71.21,67.87883047112841,B,C+
3321,80.86,73.82548127765632,A,B
6612,36.01,35.05675137406213,F,F
2488,42.14,40.14216575220839,F,F
7783,79.1184980153619,77.76356162963663,B+,B+
3008,44.2,41.03291955148675,F,F
446,22.06,23.011810345886634,F,F
7565,100.0,99.41894511491984,A,A
6512,78.16,76.98253636444721,B+,B+
4882,53.26,62.86413684830463,D,C
801,29.55,28.621216713678947,F,F
3559,36.32,39.88419574626212,F,F
3207,68.47404140141421,68.99495842411828,C+,C+
6665,24.22,31.818285676058096,F,F
7588,48.67,43.318216276710615,F,F
2346,100.0,98.67715669062707,A,A
7399,57.16,56.798873738067044,D+,D+
6475,46.45,53.36617312177058,F,D
20,42.31,41.7034465958712,F,F
7384,61.39,57.65197272846066,C,D+
5334,53.38,58.55537975602248,D,D+
6533,60.68,62.37387278221829,C,C
1512,83.27144285271568,84.73846725199384,A,A
829,95.79,87.63196939816055,A,A
7432,45.45,45.72580846657946,F,F
7154,50.43,51.95100280407691,D,D
4673,64.15,64.38624094255624,C,C
6537,43.86,41.69364012684141,F,F
477,98.59,99.922538911862,A,A
5669,68.11220264485264,61.85617693682532,C+,C
6574,47.75,50.618744176639126,F,D
2677,100.0,99.70126160182768,A,A
469,21.85,24.222436783143234,F,F
7417,56.71,63.08960414197647,D+,C
309,59.07,61.62727626035503,D+,C
7429,68.11785699795801,66.88230336579633,C+,C+
2926,27.99,36.305875598565294,F,F
1651,74.93,69.14450422167633,B,C+
4086,60.145987993357096,59.19391454782433,C,D+
5326,38.25,37.35815552395716,F,F
5429,46.08,45.080935373620115,F,F
1967,28.32,37.08324634541566,F,F
5846,25.6,21.03280119270771,F,F
5775,70.29452200732754,79.81977770498011,B,B+
7283,68.57,68.1935675473122,C+,C+
6045,43.11,59.71119594172841,F,D+
4627,50.25,42.64462527253892,D,F
81,69.75,69.40389013248247,C+,C+
2133,44.86,44.09717112085685,F,F
642,75.9,78.83900458749864,B+,B+
2895,57.31,59.716768160019065,D+,D+
2437,56.567290952151225,63.41818230957872,D+,C
3890,45.45,45.18784475079002,F,F
3667,38.21,37.89764065896209,F,F
1510,84.93536396051547,85.44036139860773,A,A
7727,45.0455182898954,46.75927750289004,F,F
1169,47.75,42.949160465367726,F,F
4199,68.25916954345982,64.95548436723749,C+,C
1406,77.42082051510255,82.9943640519754,B+,A
4732,68.14151039738456,59.911571140625504,C+,D+
2222,63.72709051936707,68.27468511688156,C,C+
2974,56.1,51.15475083159618,D+,D
6023,79.06147558487677,81.39944821772944,B+,A
4928,100.0,99.74733269825991,A,A
6684,95.15,93.79173535084733,A,A
5153,92.91,96.88665912302757,A,A
119,100.0,88.56299459852586,A,A
3146,58.71,62.142444735480424,D+,C
3026,37.15,39.54080282916365,F,F
4669,100.0,96.51228805963724,A,A
5934,21.28,34.991581762800195,F,F
4621,84.32,82.10434468171037,A,A
4111,66.76,64.14325706734044,C+,C
4936,51.62,56.321383219431624,D,D+
4268,43.49,43.78307130882544,F,F
4527,83.82,90.74899809759874,A,A
3785,40.21,37.49415637653004,F,F
7829,100.0,96.28027861525929,A,A
7688,100.0,92.95243971246607,A,A
1730,11.57,24.77789841566068,F,F
2665,94.92768856639016,83.04673782633367,A,A
2099,33.77,46.59397952226949,F,F
2885,88.61792038840149,96.40122454794091,A,A
2992,79.34,80.61139202787382,B+,A
6315,37.7,49.57609296241294,F,F
7599,100.0,98.85770245861924,A,A
2573,59.33788002746097,56.621030511631446,D+,D+
7758,71.48,64.88001764548169,B,C
1058,63.72,69.89858418311685,C,C+
3806,35.426229069365974,26.518808902628088,F,F
5834,72.3,75.99977755389772,B,B+
5635,74.07,76.82564226194926,B,B+
6246,42.07,39.00407187014127,F,F
7900,41.18,43.02558122180263,F,F
5872,33.46,33.439126366540954,F,F
3313,85.7,95.36444953615248,A,A
2472,63.98939510281005,68.57896419215967,C,C+
5081,100.0,89.16661686350885,A,A
4005,100.0,97.18477111123691,A,A
3986,49.32,49.58737334471087,F,F
7987,81.3,82.27335411982602,A,A
6401,100.0,99.85856748596383,A,A
7480,11.25,19.532490120663795,F,F
774,100.0,99.6482513324508,A,A
7993,81.16,73.52536986247202,A,B
6776,55.62,48.99736137842221,D+,F
7249,71.93,67.82995745107213,B,C+
3902,95.92,92.67661039157333,A,A
51,99.32,96.37468329281704,A,A
5500,75.61,80.93060496388475,B+,A
734,44.94,49.43273471411505,F,F
246,6.33,15.7878274227783,F,F
5851,51.06587209809374,54.180834255753695,D,D
180,43.94,39.66443329550502,F,F
7033,54.816654383046135,62.37921336381965,D,C
18,100.0,98.89106309219012,A,A
2183,71.14,60.154832260965016,B,C
5931,35.37,42.281570015835,F,F
3928,100.0,99.98529800030138,A,A
7809,57.6,50.11541619166906,D+,D
6217,81.37,81.05448343809452,A,A
4271,37.04,38.67100492185473,F,F
7936,32.52,33.58001094442604,F,F
4609,59.54,61.420446091929726,D+,C
2940,50.98,53.6295342848419,D,D
4337,56.22,57.282683263032894,D+,D+
3659,45.666515277131936,47.17069624517657,F,F
1374,100.0,97.79813462918166,A,A
1088,86.58191783436553,90.60264041664772,A,A
322,17.69,24.417083762658418,F,F
2128,31.65,37.40908891231396,F,F
4661,79.84,75.59691403937029,B+,B+
1488,25.4,36.4275545102236,F,F
4369,38.0,45.87268920657864,F,F
4872,49.15,59.8799007950451,F,D+
5096,33.429071977320326,25.20787672875575,F,F
6826,99.83,98.99203665829619,A,A
966,84.91,81.98967841992199,A,A
7874,42.22,36.71268290384619,F,F
7136,55.25,49.11483780310066,D+,F
6038,96.01,89.53018541134603,A,A
6072,50.07,49.92121745359257,D,F
1666,63.15608330204601,49.329694137619875,C,F
4520,59.67,64.89026136584633,D+,C
1794,50.870184080058834,54.28260946789251,D,D
5039,73.2,77.59316336811784,B,B+
5474,31.36,33.14223261161912,F,F
4032,64.26,60.37242490018104,C,C
4317,87.19,83.10818381828832,A,A
7731,80.05123959769705,82.739667103628,A,A
6373,16.8,23.13494099984624,F,F
5650,65.70683801641411,65.19031888524458,C+,C+
2182,51.46,52.41376042052019,D,D
5787,80.76,76.0996627324224,A,B+
7899,70.40679776613048,71.10104015148966,B,B
4797,72.06506070510335,56.43752520952947,B,D+
4450,51.77,56.255596595077414,D,D+
5822,42.63,38.41854257884408,F,F
5401,72.61412780765886,68.90382767204426,B,C+
2523,69.77,66.95506178097395,C+,C+
5254,63.2,67.22758995685794,C,C+
5138,52.2,45.89650169544831,D,F
4025,96.28,95.69525294224326,A,A
1173,67.2,70.16657256353479,C+,B
6419,70.61,75.08182925873463,B,B+
3459,74.27,68.46246850929099,B,C+
6671,12.87,17.392702343066087,F,F
2938,59.82748611356174,51.54667880439585,D+,D
436,100.0,99.70981297729395,A,A
3514,36.52,37.711883611435944,F,F
1490,54.46479994623444,55.499088165745306,D,D+
3471,74.21,80.73116903937559,B,A
4929,54.77,59.46936962995714,D,D+
5663,35.01,37.578349248414504,F,F
1558,100.0,95.49560442017932,A,A
995,77.78,77.18493861794055,B+,B+
859,85.4718747079851,90.46366806820329,A,A
2759,68.37,68.10064857731054,C+,C+
1534,79.98482054205815,74.55620950996095,B+,B
4018,77.13,77.7058600455331,B+,B+
3348,67.45,68.30129175878821,C+,C+
3232,36.93,39.190726655228374,F,F
5104,81.93,84.51606265049523,A,A
6762,90.79,88.30548267087914,A,A
5495,74.66,69.93508842963021,B,C+
7504,85.8,95.483979699222,A,A
3438,54.83,55.82941691719982,D,D+
487,39.74,42.02755890184058,F,F
3096,87.93724714382297,87.17894595462556,A,A
200,80.40250608471575,83.01273125175094,A,A
6276,100.0,96.85845151191856,A,A
2058,40.02,47.065086281437885,F,F
5636,87.45,85.65701801191115,A,A
7817,72.22662993307875,70.4883225566835,B,B
2459,67.30146806350834,55.57817538086241,C+,D+
983,62.51605247006818,70.38241709088716,C,B
7665,40.34,53.93642439272716,F,D
3435,99.38,96.95751437865776,A,A
7561,37.57,52.577103315092046,F,D
2593,59.95,54.34511952380888,D+,D
5472,99.93,98.18949770943708,A,A
5163,61.23,62.275446335305915,C,C
4356,64.3,73.5205937213437,C,B
5082,41.79,36.64698613200693,F,F
6536,80.58,73.79240840913235,A,B
6429,62.88,57.68264210715636,C,D+
2227,93.39,93.53410209325006,A,A
4081,93.93,87.00989848603527,A,A
4978,88.55,84.38319878145958,A,A
1502,80.43,79.79137700122084,A,B+
712,83.54,83.54459363411661,A,A
355,78.11775480039478,73.47138080558263,B+,B
2797,66.84054471557441,66.80391115385787,C+,C+
4060,41.9,40.47475839859694,F,F
49,86.86,82.9312113147677,A,A
3033,65.44,69.98847853750333,C+,C+
643,6.86,11.70212298206813,F,F
4127,45.42,35.64383876700662,F,F
6799,52.1,50.453529379297066,D,D
177,85.6199900584634,90.93100108384652,A,A
1872,47.759651317438845,42.33414134734487,F,F
2317,30.86,33.05986789906448,F,F
787,73.76,79.28487982469207,B,B+
4794,44.89,50.82745781937294,F,D
3255,70.16128773159791,71.89805918832724,B,B
7489,71.16,71.75312599176405,B,B
1804,66.4,64.22458922792583,C+,C
4197,66.80050017443472,66.67588657294478,C+,C+
4217,70.48,74.24319839882551,B,B
933,75.28501012797848,72.16353654928754,B+,B
92,77.12,78.79567841729195,B+,B+
1303,97.68,93.77450222322335,A,A
2064,86.58503219895216,84.99726833060359,A,A
1401,55.77,53.466985478960176,D+,D
5863,46.24,59.2754874586398,F,D+
7682,47.64,52.73547758738543,F,D
5839,55.52,57.273227946002955,D+,D+
531,11.28,18.769505242952114,F,F
3572,83.36,89.3791599238127,A,A
6553,77.03,75.25560772288647,B+,B+
4954,45.46,53.14003069792912,F,D
1941,79.44,84.6565108755434,B+,A
3200,60.59,57.42074998826353,C,D+
5412,31.62,36.86170030297236,F,F
3993,81.7,83.87203353139485,A,A
107,53.47,53.78848191301168,D,D
5687,23.87754323271928,32.89778622988094,F,F
3593,27.32,53.00923481509666,F,D
2919,71.49,67.36273336537992,B,C+
5754,95.14,95.36468530963046,A,A
3405,70.56,70.20263137672143,B,B
132,91.92017996885592,86.10985883756577,A,A
6142,35.15,50.97264656564292,F,D
1727,73.15,76.15416268589107,B,B+
7300,59.56,59.85405286067609,D+,D+
3133,61.29,65.35056481763401,C,C+
6271,100.0,98.7218919175994,A,A
4490,65.43,59.49632743213692,C+,D+
3127,62.02,58.48396742753578,C,D+
6188,56.65,55.6818545938776,D+,D+
5186,60.27,65.3810154875572,C,C+
7222,66.48,61.02852428633962,C+,C
2419,48.53,48.298932350731526,F,F
1618,45.93,39.817318368735144,F,F
1413,82.05,84.69049526294987,A,A
5461,100.0,94.40297299775693,A,A
7464,80.39,84.0216442685057,A,A
7847,92.43,93.49709398180613,A,A
5232,100.0,99.92465483033206,A,A
2723,71.76,61.90611896303849,B,C
695,90.11,87.25072967880885,A,A
5963,94.47,85.0873043912546,A,A
2489,70.98,66.4826762245513,B,C+
5509,76.32829636292986,66.09548879653228,B+,C+
1104,76.73,71.84042698186572,B+,B
168,54.9,50.80453389437957,D,D
94,87.4,88.6343431052373,A,A
368,100.0,99.36065714282887,A,A
3353,68.8,64.77724351732243,C+,C
6688,92.64,80.71694140094952,A,A
6466,57.04,67.0295029342406,D+,C+
7355,48.65,43.69371854959023,F,F
836,91.58278429455189,81.18202585642999,A,A
5543,82.78096588980691,78.6224953151157,A,B+
6166,57.59,63.43800847357586,D+,C
6855,67.62,58.86644134942497,C+,D+
3334,100.0,99.98529800030138,A,A
5922,87.82,90.68593050352925,A,A
6456,71.47,73.89224521337788,B,B
4754,14.33,32.116476761990285,F,F
6850,43.17,34.52614351431903,F,F
7050,80.85,72.74740660742295,A,B
5248,98.7,95.9392990871392,A,A
7424,45.0,39.84360796598707,F,F
1881,97.3,90.06653648301216,A,A
5196,42.63,45.330821703670374,F,F
2707,64.9179606049263,59.95524897107041,C,D+
5549,69.75940981502661,76.31931691395287,C+,B+
4657,14.37,22.310877430137783,F,F
2421,70.73989121887698,66.78046303150178,B,C+
5883,73.05,82.6870999758314,B,A
2620,55.571482008003045,60.89328212450373,D+,C
4405,33.81,39.750332178781925,F,F
1916,78.94627919249139,82.30645590181092,B+,A
6632,79.76,76.8425556125998,B+,B+
4451,92.93,92.85065811923916,A,A
5267,68.5,74.71397686660345,C+,B
5441,76.57919347699168,64.71101546508469,B+,C
1731,88.38932573583665,88.56431350730067,A,A
512,41.17,40.20186018901503,F,F
790,100.0,96.62752770663819,A,A
6162,73.22,70.82815735797485,B,B
7768,60.13851854568536,69.377837780938,C,C+
7982,24.28,18.383779804077363,F,F
1917,46.66,36.35314268062916,F,F
1644,75.1809678456687,71.8980290456447,B+,B
7590,83.81397563905692,92.70315390561,A,A
2949,67.09,85.32255414147096,C+,A
4196,100.0,99.25424264591413,A,A
6886,28.512611886234836,28.698955650330582,F,F
2765,100.0,98.0778606482956,A,A
6662,59.24,56.091992551641,D+,D+
2645,83.87262701516076,94.57666067377446,A,A
6060,78.64,69.33943186133462,B+,C+
1560,79.89916324211427,70.87424688579054,B+,B
5286,80.41,85.44495267044579,A,A
3246,43.74,56.766547661444335,F,D+
4971,62.49,64.01052021494398,C,C
7051,91.27,95.47428928485742,A,A
6004,58.07,57.60558771316218,D+,D+
5122,42.62,41.59927314409765,F,F
3817,67.82,71.08588262612454,C+,B
5818,32.72,40.75059207319715,F,F
2693,33.18,37.70255237143375,F,F
6885,78.59394826200412,81.00218919333288,B+,A
5817,100.0,99.93373262973891,A,A
4363,56.41,55.01207747367839,D+,D+
6772,85.19470312082487,85.54681117563631,A,A
7811,94.55555376902991,83.48368797780753,A,A
6410,34.92,40.869830397755514,F,F
5675,76.62,68.04883409144514,B+,C+
1884,64.97,67.03733807481301,C,C+
74,59.6,59.4543069854537,D+,D+
3492,82.55311514715149,79.7577451568643,A,B+
1260,50.97,50.31745570355337,D,D
1336,21.55,22.301218080630125,F,F
6345,68.28,59.014938879292565,C+,D+
4499,78.15,86.44123098982733,B+,A
2514,54.67,53.87789651858034,D,D
7351,37.87,31.38338662741298,F,F
3406,86.17,89.28894279135383,A,A
5618,79.54,88.55120002915675,B+,A
2499,61.25,67.82750671869174,C,C+
1624,31.7,31.76842064919541,F,F
2305,64.77,62.91156613194805,C,C
3551,88.83,77.5480516029225,A,B+
1418,80.52919159668373,71.45822031694537,A,B
32,88.37,86.33748274958022,A,A
2944,43.01,48.4175007663884,F,F
3078,40.55,45.91676391661923,F,F
6324,94.88,98.12068871566902,A,A
169,8.97,24.832917698061337,F,F
6100,91.3,96.09783152130753,A,A
6774,46.58,55.393826218985495,F,D+
5611,39.25,34.71064738049946,F,F
7502,100.0,99.3997557746431,A,A
1927,56.22092494588872,60.63877236965511,D+,C
2089,66.69,68.16422899769731,C+,C+
6554,49.55180566271498,38.71577637349184,F,F
2496,76.8,78.87369997795025,B+,B+
5988,70.79,71.16139834112465,B,B
3296,75.9995902669371,75.01466671904384,B+,B+
1403,49.68,50.455538988261196,F,D
4324,60.02,57.04953171784391,C,D+
4711,14.52,21.36229928133356,F,F
1508,49.9,42.16467636325543,F,F
27,75.09,70.48421570486644,B+,B
4751,94.27,94.92236242570588,A,A
7175,37.67,41.486660848463195,F,F
2407,30.07,27.207699321146592,F,F
2070,47.83,48.01493000400858,F,F
3943,78.19,80.55124216614833,B+,A
2192,74.95,77.61172908845279,B,B+
501,81.23,81.03583291503486,A,A
6310,100.0,99.96933721380077,A,A
438,40.93,40.44434926473792,F,F
4984,79.07,75.17678463877576,B+,B+
1421,67.43,65.41735761089741,C+,C+
3858,73.4,69.34195887089133,B,C+
7940,72.08,73.36833497341365,B,B
1979,100.0,96.28278625105784,A,A
5993,99.2,92.04214652117345,A,A
2524,83.7,96.28023744315769,A,A
6211,37.3,43.8080266203575,F,F
5717,35.62,38.587558665162796,F,F
6265,66.67,65.96304824755511,C+,C+
3818,73.45,76.59602867355153,B,B+
1181,59.63,62.167295106221665,D+,C
3356,100.0,99.98529800030138,A,A
2955,100.0,99.64432378907276,A,A
7733,66.78744740347648,65.1235645986442,C+,C+
5518,30.72,28.743402735286814,F,F
7640,47.76,44.57265288430751,F,F
5888,92.4,91.70217798480941,A,A
1759,78.06807296965033,70.43556904540509,B+,B
535,71.52674068711406,75.51836440393977,B,B+
3571,57.04,52.178309397391956,D+,D
586,80.71091769299122,82.5013781049651,A,A
6192,37.34,45.61323094728907,F,F
4553,37.92,40.12050280859356,F,F
1204,58.43,57.07533805622194,D+,D+
1607,76.14,71.12127243759522,B+,B
6640,31.1,27.760066475733012,F,F
3304,25.03,19.757246087687932,F,F
492,79.15443551761663,86.48469812548865,B+,A
5181,88.04847696105895,76.36113000212453,A,B+
3525,58.14,58.6173916072253,D+,D+
3461,100.0,99.51906885849087,A,A
6050,100.0,99.46364676372626,A,A
7250,33.05,32.48402785505859,F,F
6754,75.66088797658698,76.56453832552113,B+,B+
853,100.0,94.21795250036556,A,A
7519,62.10294799589512,59.06803653683093,C,D+
5210,100.0,98.22940582209432,A,A
2095,72.58,71.67872775436066,B,B
2532,97.93,98.74817340803527,A,A
5479,81.90306830552028,79.38792824429134,A,B+
398,63.15,73.11152313917187,C,B
6056,87.05,95.10602305097724,A,A
1650,36.68,41.102499897319774,F,F
402,38.82,42.772094193237514,F,F
7613,78.80303640110871,90.1472150049767,B+,A
7908,100.0,94.76522444307884,A,A
7696,49.18,60.97810076860366,F,C
3545,67.12487779278962,64.44868312913869,C+,C
5633,49.87937047491855,42.902134449847715,F,F
5904,49.07,54.83828326536865,F,D
5935,65.01,60.96554025348958,C+,C
4665,56.4,58.3857915670844,D+,D+
574,41.92,37.96036556667693,F,F
2329,75.71,70.84247276151835,B+,B
2956,53.58,48.29835872716208,D,F
2405,99.59929798789648,94.34341080282269,A,A
7227,27.27,36.213760814050005,F,F
536,39.96,33.6966398553961,F,F
3575,84.02644811541781,84.21461158709293,A,A
2374,100.0,97.05876922403,A,A
7475,90.95,85.66037003556336,A,A
3661,81.56577854612104,84.20799090785319,A,A
3384,79.14089727608169,73.78168331453928,B+,B
5861,93.15,89.87058235139422,A,A
474,42.09,51.45887928350062,F,D
5552,84.96,90.5672164952054,A,A
6049,98.38,96.92894617633647,A,A
882,91.02,87.72463743229167,A,A
4849,55.39,67.0830004440896,D+,C+
3347,62.48533170339324,60.81834188218344,C,C
4757,63.42,67.01369425076811,C,C+
2747,92.76,88.62841495620465,A,A
470,100.0,97.04062775714605,A,A
2603,65.61,68.49039289606843,C+,C+
7069,28.64,33.0000163113089,F,F
248,94.47,89.68233420524932,A,A
2277,62.61444692572346,68.78702242013757,C,C+
6034,97.2691821766491,93.77072354172022,A,A
866,76.80640137935809,73.73700882993117,B+,B
762,67.38,61.95776079427811,C+,C
6366,90.33,94.88431868659707,A,A
4463,70.4671950772809,66.19881613371419,B,C+
2541,39.24,37.903648415567226,F,F
1288,76.51838975758899,71.05169725617613,B+,B
4035,100.0,98.83195061045913,A,A
426,100.0,94.8411341988111,A,A
5739,100.0,94.59740581754748,A,A
3194,26.92,32.03314642116232,F,F
5831,56.430508115711554,62.87866176519602,D+,C
229,31.58,37.68902183927876,F,F
4516,92.82209158159708,75.04385795220703,A,B+
7883,100.0,99.32523108392662,A,A
694,90.63,93.4136678210597,A,A
1042,89.67,87.24718016374977,A,A
3097,57.99048686466973,47.50839319793006,D+,F
3051,76.48063962776587,77.02405445216213,B+,B+
1596,82.05433389969585,70.32554684669043,A,B
2550,53.66,54.8273672859499,D,D
7618,100.0,92.15011828964629,A,A
7994,100.0,94.54022989845676,A,A
6062,100.0,99.69272015831622,A,A
5126,20.46,17.149383434251636,F,F
1129,72.73,67.6270193226623,B,C+
5494,100.0,91.45348318352312,A,A
3474,56.08,62.109580922599825,D+,C
5133,100.0,92.85621647502097,A,A
59,85.12,95.64939592529453,A,A
5753,84.04730212445564,85.96006691132736,A,A
4314,50.52,53.695207816601794,D,D
1200,53.59,52.97128051832392,D,D
3689,70.99,72.07856557513132,B,B
4895,43.46,38.65847346582181,F,F
97,61.04,71.6916100145439,C,B
5730,45.73062043398536,44.806102827686146,F,F
961,43.37,43.82219017850396,F,F
1635,23.62,21.409569664322863,F,F
7780,98.65,99.07358832857574,A,A
878,80.5512030847191,56.92411515317157,A,D+
6657,92.74,94.67232133672996,A,A
157,89.36176029714849,77.44584561966154,A,B+
2088,88.03504187821814,88.66991509014504,A,A
5959,97.5,95.26146204694277,A,A
612,100.0,99.86027695500042,A,A
5930,86.78,79.06472588993194,A,B+
1980,100.0,84.5246537082398,A,A
1189,94.32,86.23797444009428,A,A
4234,94.1722737960531,84.6602117556158,A,A
448,36.47,41.24282059515283,F,F
7115,80.20762224439702,79.54412399398046,A,B+
2358,87.19,90.95516233592662,A,A
4120,71.97,75.58653846762479,B,B+
593,100.0,99.8779326908105,A,A
7931,96.4207410318617,91.32631192004443,A,A
7955,59.50395576763938,55.044654444737006,D+,D+
7183,95.97,99.48457220666778,A,A
6551,100.0,97.82377878192068,A,A
4307,81.73,84.29316028061893,A,A
4128,38.04,33.148278659704644,F,F
848,78.56891139604457,78.30766373925049,B+,B+
6233,68.62,66.06614979695439,C+,C+
625,100.0,99.40327883412289,A,A
3909,80.82,79.84572463476826,A,B+
3239,83.87,79.7001819050416,A,B+
2273,79.0,78.74723690417112,B+,B+
6124,61.39,63.2689794341392,C,C
3754,100.0,96.06480707392302,A,A
757,14.65,18.765269886529683,F,F
5708,78.27,81.46643216673417,B+,A
1481,93.23497729297634,91.45159646886242,A,A
3772,54.54,54.17723807011085,D,D
2642,63.03,62.53718285759959,C,C
3335,84.73,85.6056452901018,A,A
6996,52.87,60.34726243344233,D,C
7657,42.76,49.2741226197698,F,F
5019,71.71,73.3624702782147,B,B
5707,41.32,52.08645334441075,F,D
4563,95.88,95.95080631064565,A,A
3007,43.95173107201608,37.89586605197233,F,F
765,69.21,74.14869804919432,C+,B
3978,77.65858445055682,87.9124379722839,B+,A
5637,61.06933186341058,56.42330760512323,C,D+
1972,62.1333438051394,56.632484497769326,C,D+
2719,59.58,84.2581302465367,D+,A
7113,80.32663790149942,81.21065418685221,A,A
3899,35.58,40.57312587811677,F,F
7957,32.9,31.80678185167424,F,F
1025,79.47566584894383,72.83577773026951,B+,B
2830,74.63,78.40597016840742,B,B+
753,86.65,81.49384142387167,A,A
352,61.51,62.59675326345551,C,C
6990,25.98,26.93736243745395,F,F
1314,51.59915449938544,49.457777302627626,D,F
6590,48.85,47.294225466192984,F,F
3743,38.14,46.214906204097815,F,F
7509,81.92,82.00046444249939,A,A
5533,92.94,88.59101119860802,A,A
3066,57.03,57.1954220486223,D+,D+
562,59.67023462540532,73.74266135177997,D+,B
2465,72.11,77.50967575280009,B,B+
4272,35.09,40.98248002072221,F,F
4321,62.47,64.67661040041105,C,C
6903,71.9,74.05960714271902,B,B
4817,86.99620059843873,83.77355804247236,A,A
7692,53.51,66.21913015044423,D,C+
1048,78.79,78.13088334767666,B+,B+
3104,66.36,64.67774207613961,C+,C
1386,100.0,95.61807211823991,A,A
415,75.3,61.95057352682163,B+,C
4003,100.0,92.45328458970482,A,A
2571,14.48,29.327183295971334,F,F
2003,39.37,28.691333358147432,F,F
5945,56.99,52.260021827122436,D+,D
3115,81.58429059016586,89.68078668752156,A,A
7470,88.09014905630427,88.41774804179042,A,A
2663,56.45831823009436,64.79927479545516,D+,C
4140,80.77,79.0012338984117,A,B+
6437,53.75,53.630209874406404,D,D
6952,26.74,34.18522034757521,F,F
2997,56.48,68.32494923790402,D+,C+
843,78.73,75.74735607475341,B+,B+
1147,100.0,98.1517659194006,A,A
1833,61.7,61.25626022219841,C,C
2448,45.87,45.15136936301928,F,F
6516,86.22150347669266,66.77795548892077,A,C+
1254,49.03,47.27280809062276,F,F
5396,64.62,64.44580301880724,C,C
4465,97.84,97.22825678083896,A,A
6342,53.4,46.65810422561944,D,F
6493,94.02,93.42851309632482,A,A
5890,39.18,45.901325020543815,F,F
5671,87.04,88.1897740107433,A,A
379,79.67,81.8177006143468,B+,A
5814,69.59218912736844,69.68702804454266,C+,C+
6828,37.33,41.66796422314769,F,F
6649,79.16808324027427,73.243142702853,B+,B
4295,88.35,82.74707565342922,A,A
4861,75.65,74.37690464527014,B+,B
1732,56.94,62.06135341329121,D+,C
4464,66.16,65.56048307735907,C+,C+
2025,64.71,60.29185690068605,C,C
3045,75.35149360478843,81.54930344601152,B+,A
3860,56.6426724843427,60.7575806118163,D+,C
5994,73.6,72.9740815607047,B,B
4371,59.06577726647791,55.09505754803411,D+,D+
5220,89.17174435478269,86.7860176731121,A,A
3769,80.43,74.7426863364481,A,B
2754,58.64,64.38237264507764,D+,C
5390,60.39,70.7488330077297,C,B
4289,77.9727782161764,77.93516954662657,B+,B+
6335,89.71594547107017,82.47510110788211,A,A
3456,54.43,58.25171957583393,D,D+
1455,53.32,53.65382736608672,D,D
3150,97.53,89.99261704358216,A,A
3299,76.23,78.43883073338672,B+,B+
4702,100.0,96.57305010248581,A,A
3407,100.0,99.9213200689448,A,A
1176,69.31,70.13594411512577,C+,B
4075,33.69,33.95947896031909,F,F
1439,57.93,45.59779923197831,D+,F
2211,51.5,56.302356309709346,D,D+
1996,55.48,56.801426544399945,D+,D+
3834,13.44,19.403536508349575,F,F
4467,88.55204292002914,70.87280691271317,A,B
6661,57.16,44.747556498989404,D+,F
548,64.58,65.02238673964241,C,C+
5971,97.82,90.49915028128419,A,A
3358,61.8,66.76157186274041,C,C+
3186,18.6,23.229140313997682,F,F
1562,56.8,58.63041339896202,D+,D+
173,87.45,90.51545505804675,A,A
4938,70.61522943822307,71.72627406102585,B,B
3615,62.07,67.15576059517953,C,C+
3520,58.58374600269016,58.170415829070805,D+,D+
5012,55.42,54.312469486013896,D+,D
1594,77.7,82.16061590820951,B+,A
5437,73.18626751561206,55.43676080212742,B,D+
1883,48.44,46.64512272103486,F,F
7990,100.0,96.7492238607708,A,A
7863,75.85134276593266,76.19175441601001,B+,B+
4801,65.51,66.92799079241169,C+,C+
6638,67.67,71.94900702120863,C+,B
5295,71.77949868310131,69.66740504031243,B,C+
6648,49.42,51.21939303477601,F,D
7274,66.17,69.45069587861195,C+,C+
1039,32.64,37.15062669272255,F,F
324,86.06,83.00099405311038,A,A
4082,48.26,49.985868413884624,F,F
4952,22.03,33.10889132957754,F,F
4768,99.68,96.93807359135218,A,A
894,72.17,76.42812675177555,B,B+
2318,87.43,87.36014653758555,A,A
5101,40.26,50.83571882880534,F,D
325,32.9,28.21923995880235,F,F
1216,68.2956929762645,56.9255093247836,C+,D+
7206,52.38,59.456581330866754,D,D+
3998,52.43,57.269786073195775,D,D+
4540,41.44,50.5187880047638,F,D
7282,100.0,85.06652142151671,A,A
7815,100.0,99.96429783955537,A,A
1130,59.59,55.37429147018149,D+,D+
5217,55.53,53.087690218147515,D+,D
5956,86.2,87.20795911049645,A,A
7052,50.06,49.30041357941268,D,F
665,44.41031785517972,54.92992585999004,F,D
3329,71.27,84.93505483706575,B,A
6798,31.82,31.720376006790815,F,F
209,47.86,52.49372872699196,F,D
7065,76.18735124858897,63.05449780529426,B+,C
748,57.84,60.96126048179944,D+,C
1740,97.44,95.13449307503218,A,A
799,100.0,87.60167780160258,A,A
89,70.14,74.1586388608104,B,B
735,46.57,40.87046167785462,F,F
5734,40.48,45.05863373834712,F,F
3650,77.38,80.01950085840812,B+,A
2690,43.08,49.139741632790766,F,F
1175,23.73,24.740710799003264,F,F
3143,25.22,29.701072780799894,F,F
5188,57.31,64.56444093736454,D+,C
1154,39.3,42.09358714420519,F,F
199,10.67,23.720107393294747,F,F
7867,55.97,50.18764847393159,D+,D
7451,49.7,49.63595300970981,F,F
1098,61.23,69.43028736416973,C,C+
549,69.5,69.03339360172976,C+,C+
7926,51.54,50.37315666631411,D,D
6888,56.51,61.67188668940126,D+,C
6721,64.76,59.93966963396556,C,D+
4922,59.00109858285251,55.43387166343447,D+,D+
1322,68.53,70.06641838325669,C+,B
4158,36.41,33.326849562196614,F,F
6863,56.49,55.12630989818124,D+,D+
2651,68.98,72.00413199188418,C+,B
5346,39.88,42.41943610636495,F,F
4884,19.89,26.08922186806589,F,F
5235,69.61,63.934114625702485,C+,C
6587,82.51,85.48327256107333,A,A
7788,90.24421268638164,81.55541221397661,A,A
5170,23.47,29.044083552362796,F,F
7301,67.18615942288585,68.00468949017221,C+,C+
6728,97.27794382951768,85.3261306887172,A,A
2269,21.67,23.8034989436562,F,F
1672,55.57,56.50992293968964,D+,D+
938,42.81,43.11738138521397,F,F
7039,47.52,53.652285806952904,F,D
2671,40.84,45.99286237762093,F,F
2779,92.03,86.87443267758124,A,A
3165,99.21,93.19746542900528,A,A
4693,97.41910563523614,81.61739716501206,A,A
5045,39.88,41.27132475670939,F,F
4772,100.0,96.23610463466468,A,A
4377,78.44,75.8104542806518,B+,B+
4767,59.12,54.74405042992075,D+,D
4302,89.8,81.6586510455593,A,A
5000,62.45085511210443,45.44949190031362,C,F
3529,56.05,54.29591899230016,D+,D
6804,82.54653785223002,61.06248142673099,A,C
621,33.16,40.57780926027907,F,F
1453,85.6362444209363,81.1966405711984,A,A
7529,100.0,91.166777241897,A,A
4113,52.5,44.22566480690639,D,F
4858,94.9118970360268,95.71892298740312,A,A
479,63.63310311255715,72.47427584533624,C,B
1353,88.34,82.92352748176263,A,A
4501,84.56,82.8568683490052,A,A
1895,55.42,51.63480633288151,D+,D
5749,60.47,65.21813403295458,C,C+
1719,35.44,39.511653095886885,F,F
3502,79.24,76.52809272336111,B+,B+
1769,78.47,75.27522509687604,B+,B+
1034,74.46,72.82214454354846,B,B
3414,42.13,45.06120220594363,F,F
287,59.88,62.51804435327258,D+,C
551,87.84510869305112,80.12530749608413,A,A
7833,100.0,93.15139506977535,A,A
6707,31.48,28.922917556027322,F,F
4558,42.76,33.03180529736106,F,F
5517,68.02418045989454,78.78243351613267,C+,B+
2843,36.91,41.62208771379435,F,F
1784,48.58,53.94949439958032,F,D
1426,62.08,72.02072976940363,C,B
6637,95.86,96.14594428124404,A,A
2590,60.88418877051268,56.731417336869974,C,D+
5195,70.82,70.17219642193301,B,B
5013,61.22,66.46676988613734,C,C+
6919,100.0,98.47157888714324,A,A
5938,57.52,55.602105344011214,D+,D+
1617,77.85108379376705,79.36046606533257,B+,B+
5913,75.17366580523407,71.43298241908754,B+,B
6497,73.43,73.79387481965598,B,B
7134,100.0,99.96253820951357,A,A
2482,93.2216897380731,84.29817694519724,A,A
2652,66.89768982968918,58.94193739319172,C+,D+
3106,63.47,72.49864244122824,C,B
1785,87.41,83.43517274840222,A,A
1576,89.33,88.24374933914852,A,A
4887,50.85,41.14934363179285,D,F
4640,74.35,65.975464316203,B,C+
702,76.38071453885672,71.62945414717059,B+,B
4636,85.99716617933741,89.05769154493973,A,A
4843,100.0,98.11246767972493,A,A
6216,44.18,52.35184478005511,F,D
4247,55.62,62.830361854739486,D+,C
6961,67.6,76.64075163995244,C+,B+
2522,63.35,62.17483178498341,C,C
5175,58.0,62.57673775428076,D+,C
2355,52.58,41.18485746181283,D,F
4740,87.76,80.36506595894149,A,A
834,65.42,69.99681160342239,C+,C+
2226,96.3826359238185,91.1157578762129,A,A
5850,100.0,93.90952060208036,A,A
550,49.99,52.4775314640946,F,D
1021,16.09,18.95513961051113,F,F
249,77.56969391708812,71.85706994115338,B+,B
2265,96.12,94.2774263690262,A,A
3708,83.92,90.6125430626363,A,A
297,66.96,69.25840920185158,C+,C+
2664,22.73,32.46791825391816,F,F
3001,85.76,85.2945479328836,A,A
6339,33.91,43.67696395355474,F,F
2319,28.49,28.332918084184083,F,F
7322,49.55,54.45048971548389,F,D
101,50.57,59.012132049603,D,D+
4630,75.1,78.92552283915693,B+,B+
4774,66.81,65.44386626908857,C+,C+
3839,4.61,8.012210396018038,F,F
2859,74.67,78.95379985666375,B,B+
2292,78.35030347407397,73.29074857320875,B+,B
533,100.0,93.07087744220682,A,A
4694,32.49,31.51321527688739,F,F
5050,75.6788682985935,72.82507134498323,B+,B
3371,37.25,33.165092332602896,F,F
1371,62.32,61.64188626213874,C,C
6627,86.15,85.6251541604966,A,A
347,44.86,49.78328989265935,F,F
7619,45.25,51.190814787779324,F,D
3873,32.64,36.166668285433516,F,F
3857,53.02,55.495473042350774,D,D+
6263,51.45,52.5221836236195,D,D
682,62.38011353837222,62.57674962603558,C,C
6824,71.92,76.89045174059798,B,B+
3359,91.9,91.83829563645351,A,A
7606,75.91,73.09839694289848,B+,B
6396,81.97759524875624,80.19839757448423,A,A
6487,63.58502101473407,67.06982938318774,C,C+
1567,100.0,99.50746472307831,A,A
4223,46.54629036935015,33.944928143077185,F,F
6692,22.94,32.10827687668353,F,F
5373,73.84223101949144,72.7712502241474,B,B
6677,77.28852241285136,76.25631068519114,B+,B+
5065,62.48240949966856,72.27412748847296,C,B
6628,98.93,92.46946856537039,A,A
1182,51.79,54.213830597642094,D,D
1376,82.73,82.46533598788679,A,A
7486,91.31340972266264,80.10857604895814,A,A
1545,97.70506856663135,91.31834140155247,A,A
1993,96.55,92.78094080184687,A,A
6422,58.82,57.646022267286725,D+,D+
4170,41.71,38.80481773345205,F,F
3756,17.32,20.994609112705806,F,F
5909,98.84,96.18447432795728,A,A
5236,99.281506630085,97.20979470410326,A,A
6619,98.8662391738036,84.2837220617834,A,A
85,33.85,40.77252731408245,F,F
5857,52.0,54.949401228687286,D,D
1559,37.78900129136842,35.30082046332691,F,F
3722,48.0,56.60081600924455,F,D+
3621,52.24,62.322098530828335,D,C
2628,100.0,96.18329784016065,A,A
6583,90.5729966696167,74.2350205066304,A,B
419,60.01,57.825920651721944,C,D+
5609,33.48,32.4403961549905,F,F
1783,30.29,36.40585515344634,F,F
3249,69.92,73.99283429096293,C+,B
6679,100.0,89.4143769516453,A,A
4963,79.09771229809414,78.84826430539479,B+,B+
7946,74.51,76.51134266916509,B,B+
294,62.82,63.92391020885088,C,C
5849,81.6171459744261,69.31839898410371,A,C+
3648,56.15,56.495110341642224,D+,D+
7031,87.33,80.18834705130436,A,A
6588,64.63,62.89452319772693,C,C
5799,51.59,48.8595612355829,D,F
7540,74.8,75.499145325709,B,B+
2685,75.96,84.8220219935082,B+,A
1150,36.75,41.26544989968208,F,F
1756,100.0,99.08771961239876,A,A
6809,81.56,78.92594496625556,A,B+
1722,83.50962321592839,75.42293570108913,A,B+
6423,69.86,79.59256870734662,C+,B+
6051,88.56823475015948,79.49478986035705,A,B+
2686,53.31,54.834569300515824,D,D
3528,54.26,51.34981290153561,D,D
2572,65.89,72.79820198626676,C+,B
2349,100.0,93.36122083728769,A,A
5710,100.0,96.56247147426421,A,A
4455,73.52,73.25790266858992,B,B
2313,88.89,85.74037788839263,A,A
7044,91.54,90.16500000523155,A,A
7785,70.81578600645847,77.18139683538134,B,B+
5150,24.46,26.78774318090783,F,F
6631,86.74,84.93416520102417,A,A
4103,39.61,43.30966647973955,F,F
6813,69.58752044641787,82.60626635815917,C+,A
4909,62.04,64.96606637265394,C,C
374,30.3,34.393131867865925,F,F
6280,72.89,79.15019377647808,B,B+
5784,91.05,85.04638927705648,A,A
1868,68.63,60.27282688134258,C+,C
6735,66.96,67.60236647062767,C+,C+
4393,42.33,44.78815188904237,F,F
5460,92.6,86.54636822386061,A,A
1747,40.8,44.19697704244659,F,F
2442,79.78307992896916,78.20922717000722,B+,B+
4787,45.68,46.421764726348364,F,F
4339,40.66,44.821135224643314,F,F
4252,43.763551266360565,45.33256391685207,F,F
2289,58.42,59.24635562516598,D+,D+
3034,49.34,38.44995096143328,F,F
2639,83.99889364351083,87.66850376946876,A,A
1394,62.6459388433947,55.38109918469389,C,D+
813,80.32,68.4417049071266,A,C+
5061,100.0,99.98529800030138,A,A
1859,75.78845954815377,63.1910371020641,B+,C
1870,44.8,54.710609669891504,F,D
6111,39.67264923172958,34.29594761627942,F,F
2875,55.63,58.960833774131636,D+,D+
4388,94.4370259974146,88.16684860822659,A,A
4770,68.06,57.104455828821735,C+,D+
6365,92.18,96.81939324498937,A,A
7255,63.823121348887724,53.94392987196696,C,D
2284,40.68,38.556234951708255,F,F
1721,83.98685647617982,89.49619096000556,A,A
4589,51.35197149834196,52.84502950371926,D,D
3533,47.16,36.736302604530344,F,F
7266,94.08,91.37882528441968,A,A
922,62.08,63.38531244963424,C,C
323,64.78,63.31087955080241,C,C
7214,80.66,85.17241735292423,A,A
6914,84.69,80.22830286504795,A,A
6189,59.42,65.03195958445156,D+,C+
3470,32.39,37.3644260949455,F,F
5367,100.0,96.96661320721317,A,A
7932,63.67,61.6507599370819,C,C
7659,50.22,45.39116934977367,D,F
4994,95.84,97.42033982556292,A,A
232,100.0,99.22896211775593,A,A
1942,69.59,73.67483603088596,C+,B
6881,49.2950940743349,50.32930460054761,F,D
7242,63.03093870337153,60.539950986909325,C,C
1080,81.11,80.10073638095501,A,A
7980,91.06,92.29941311562354,A,A
1116,58.61184873780006,56.43762891926106,D+,D+
6094,90.63,95.26935580042897,A,A
6833,94.52542434084218,89.13167195002933,A,A
